﻿<?xml version="1.0" encoding="utf-8"?>
<!DOCTYPE ProgramGuide SYSTEM "BarcoNet (V1.0)_EPG.dtd"[]>
<ProgramGuide>
  <Service id="11431" name="Aakaash Bangla">
    <ScheduleDay date="2012/10/23">
      <Event id="114311">
        <IdentificationName>Teleshopping</IdentificationName>
        <StartDateTime>2012-10-23T18:30:00</StartDateTime>
        <EndDateTime>2012-10-23T19:00:00</EndDateTime>
        <ShortEventDescription>
          <LanguageCode>eng</LanguageCode>
          <LanguageName>English</LanguageName>
          <EventName>Teleshopping</EventName>
          <EventDescription>Learn about a wide selection of products and take advantage of a convenient method of shopping. A show for those who love to shop from the comforts of their home.</EventDescription>
        </ShortEventDescription>
        <EventRating>
          <CountryCode>IND</CountryCode>
          <CountryName>INDIA</CountryName>
          <Rating>1</Rating>
        </EventRating>
      </Event>
      <Event id="114312">
        <IdentificationName>Teleshopping</IdentificationName>
        <StartDateTime>2012-10-23T19:00:00</StartDateTime>
        <EndDateTime>2012-10-23T19:30:00</EndDateTime>
        <ShortEventDescription>
          <LanguageCode>eng</LanguageCode>
          <LanguageName>English</LanguageName>
          <EventName>Teleshopping</EventName>
          <EventDescription>Learn about a wide selection of products and take advantage of a convenient method of shopping. A show for those who love to shop from the comforts of their home.</EventDescription>
        </ShortEventDescription>
        <EventRating>
          <CountryCode>IND</CountryCode>
          <CountryName>INDIA</CountryName>
          <Rating>1</Rating>
        </EventRating>
      </Event>
      <Event id="114313">
        <IdentificationName>Teleshopping</IdentificationName>
        <StartDateTime>2012-10-23T19:30:00</StartDateTime>
        <EndDateTime>2012-10-23T20:00:00</EndDateTime>
        <ShortEventDescription>
          <LanguageCode>eng</LanguageCode>
          <LanguageName>English</LanguageName>
          <EventName>Teleshopping</EventName>
          <EventDescription>Learn about a wide selection of products and take advantage of a convenient method of shopping. A show for those who love to shop from the comforts of their home.</EventDescription>
        </ShortEventDescription>
        <EventRating>
          <CountryCode>IND</CountryCode>
          <CountryName>INDIA</CountryName>
          <Rating>1</Rating>
        </EventRating>
      </Event>
      <Event id="114314">
        <IdentificationName>Teleshopping</IdentificationName>
        <StartDateTime>2012-10-23T20:00:00</StartDateTime>
        <EndDateTime>2012-10-23T20:30:00</EndDateTime>
        <ShortEventDescription>
          <LanguageCode>eng</LanguageCode>
          <LanguageName>English</LanguageName>
          <EventName>Teleshopping</EventName>
          <EventDescription>Learn about a wide selection of products and take advantage of a convenient method of shopping. A show for those who love to shop from the comforts of their home.</EventDescription>
        </ShortEventDescription>
        <EventRating>
          <CountryCode>IND</CountryCode>
          <CountryName>INDIA</CountryName>
          <Rating>1</Rating>
        </EventRating>
      </Event>
      <Event id="114315">
        <IdentificationName>Teleshopping</IdentificationName>
        <StartDateTime>2012-10-23T20:30:00</StartDateTime>
        <EndDateTime>2012-10-23T21:00:00</EndDateTime>
        <ShortEventDescription>
          <LanguageCode>eng</LanguageCode>
          <LanguageName>English</LanguageName>
          <EventName>Teleshopping</EventName>
          <EventDescription>Learn about a wide selection of products and take advantage of a convenient method of shopping. A show for those who love to shop from the comforts of their home.</EventDescription>
        </ShortEventDescription>
        <EventRating>
          <CountryCode>IND</CountryCode>
          <CountryName>INDIA</CountryName>
          <Rating>1</Rating>
        </EventRating>
      </Event>
      <Event id="114316">
        <IdentificationName>Teleshopping</IdentificationName>
        <StartDateTime>2012-10-23T21:00:00</StartDateTime>
        <EndDateTime>2012-10-23T21:30:00</EndDateTime>
        <ShortEventDescription>
          <LanguageCode>eng</LanguageCode>
          <LanguageName>English</LanguageName>
          <EventName>Teleshopping</EventName>
          <EventDescription>Learn about a wide selection of products and take advantage of a convenient method of shopping. A show for those who love to shop from the comforts of their home.</EventDescription>
        </ShortEventDescription>
        <EventRating>
          <CountryCode>IND</CountryCode>
          <CountryName>INDIA</CountryName>
          <Rating>1</Rating>
        </EventRating>
      </Event>
      <Event id="114317">
        <IdentificationName>Teleshopping</IdentificationName>
        <StartDateTime>2012-10-23T21:30:00</StartDateTime>
        <EndDateTime>2012-10-23T22:00:00</EndDateTime>
        <ShortEventDescription>
          <LanguageCode>eng</LanguageCode>
          <LanguageName>English</LanguageName>
          <EventName>Teleshopping</EventName>
          <EventDescription>Learn about a wide selection of products and take advantage of a convenient method of shopping. A show for those who love to shop from the comforts of their home.</EventDescription>
        </ShortEventDescription>
        <EventRating>
          <CountryCode>IND</CountryCode>
          <CountryName>INDIA</CountryName>
          <Rating>1</Rating>
        </EventRating>
      </Event>
      <Event id="114318">
        <IdentificationName>Teleshopping</IdentificationName>
        <StartDateTime>2012-10-23T22:00:00</StartDateTime>
        <EndDateTime>2012-10-23T22:30:00</EndDateTime>
        <ShortEventDescription>
          <LanguageCode>eng</LanguageCode>
          <LanguageName>English</LanguageName>
          <EventName>Teleshopping</EventName>
          <EventDescription>Learn about a wide selection of products and take advantage of a convenient method of shopping. A show for those who love to shop from the comforts of their home.</EventDescription>
        </ShortEventDescription>
        <EventRating>
          <CountryCode>IND</CountryCode>
          <CountryName>INDIA</CountryName>
          <Rating>1</Rating>
        </EventRating>
      </Event>
      <Event id="114319">
        <IdentificationName>Teleshopping</IdentificationName>
        <StartDateTime>2012-10-23T22:30:00</StartDateTime>
        <EndDateTime>2012-10-23T23:00:00</EndDateTime>
        <ShortEventDescription>
          <LanguageCode>eng</LanguageCode>
          <LanguageName>English</LanguageName>
          <EventName>Teleshopping</EventName>
          <EventDescription>Learn about a wide selection of products and take advantage of a convenient method of shopping. A show for those who love to shop from the comforts of their home.</EventDescription>
        </ShortEventDescription>
        <EventRating>
          <CountryCode>IND</CountryCode>
          <CountryName>INDIA</CountryName>
          <Rating>1</Rating>
        </EventRating>
      </Event>
      <Event id="1143110">
        <IdentificationName>Teleshopping</IdentificationName>
        <StartDateTime>2012-10-23T23:00:00</StartDateTime>
        <EndDateTime>2012-10-23T23:30:00</EndDateTime>
        <ShortEventDescription>
          <LanguageCode>eng</LanguageCode>
          <LanguageName>English</LanguageName>
          <EventName>Teleshopping</EventName>
          <EventDescription>Learn about a wide selection of products and take advantage of a convenient method of shopping. A show for those who love to shop from the comforts of their home.</EventDescription>
        </ShortEventDescription>
        <EventRating>
          <CountryCode>IND</CountryCode>
          <CountryName>INDIA</CountryName>
          <Rating>1</Rating>
        </EventRating>
      </Event>
      <Event id="1143111">
        <IdentificationName>Teleshopping</IdentificationName>
        <StartDateTime>2012-10-23T23:30:00</StartDateTime>
        <EndDateTime>2012-10-24T00:00:00</EndDateTime>
        <ShortEventDescription>
          <LanguageCode>eng</LanguageCode>
          <LanguageName>English</LanguageName>
          <EventName>Teleshopping</EventName>
          <EventDescription>Learn about a wide selection of products and take advantage of a convenient method of shopping. A show for those who love to shop from the comforts of their home.</EventDescription>
        </ShortEventDescription>
        <EventRating>
          <CountryCode>IND</CountryCode>
          <CountryName>INDIA</CountryName>
          <Rating>1</Rating>
        </EventRating>
      </Event>
    </ScheduleDay>
    <ScheduleDay date="2012/10/24">
      <Event id="1143112">
        <IdentificationName>Teleshopping</IdentificationName>
        <StartDateTime>2012-10-24T00:00:00</StartDateTime>
        <EndDateTime>2012-10-24T00:30:00</EndDateTime>
        <ShortEventDescription>
          <LanguageCode>eng</LanguageCode>
          <LanguageName>English</LanguageName>
          <EventName>Teleshopping</EventName>
          <EventDescription>Learn about a wide selection of products and take advantage of a convenient method of shopping. A show for those who love to shop from the comforts of their home.</EventDescription>
        </ShortEventDescription>
        <EventRating>
          <CountryCode>IND</CountryCode>
          <CountryName>INDIA</CountryName>
          <Rating>1</Rating>
        </EventRating>
      </Event>
      <Event id="1143113">
        <IdentificationName>Teleshopping</IdentificationName>
        <StartDateTime>2012-10-24T00:30:00</StartDateTime>
        <EndDateTime>2012-10-24T01:00:00</EndDateTime>
        <ShortEventDescription>
          <LanguageCode>eng</LanguageCode>
          <LanguageName>English</LanguageName>
          <EventName>Teleshopping</EventName>
          <EventDescription>Learn about a wide selection of products and take advantage of a convenient method of shopping. A show for those who love to shop from the comforts of their home.</EventDescription>
        </ShortEventDescription>
        <EventRating>
          <CountryCode>IND</CountryCode>
          <CountryName>INDIA</CountryName>
          <Rating>1</Rating>
        </EventRating>
      </Event>
      <Event id="1143114">
        <IdentificationName>Teleshopping</IdentificationName>
        <StartDateTime>2012-10-24T01:00:00</StartDateTime>
        <EndDateTime>2012-10-24T01:30:00</EndDateTime>
        <ShortEventDescription>
          <LanguageCode>eng</LanguageCode>
          <LanguageName>English</LanguageName>
          <EventName>Teleshopping</EventName>
          <EventDescription>Learn about a wide selection of products and take advantage of a convenient method of shopping. A show for those who love to shop from the comforts of their home.</EventDescription>
        </ShortEventDescription>
        <EventRating>
          <CountryCode>IND</CountryCode>
          <CountryName>INDIA</CountryName>
          <Rating>1</Rating>
        </EventRating>
      </Event>
      <Event id="1143115">
        <IdentificationName>Teleshopping</IdentificationName>
        <StartDateTime>2012-10-24T01:30:00</StartDateTime>
        <EndDateTime>2012-10-24T02:00:00</EndDateTime>
        <ShortEventDescription>
          <LanguageCode>eng</LanguageCode>
          <LanguageName>English</LanguageName>
          <EventName>Teleshopping</EventName>
          <EventDescription>Learn about a wide selection of products and take advantage of a convenient method of shopping. A show for those who love to shop from the comforts of their home.</EventDescription>
        </ShortEventDescription>
        <EventRating>
          <CountryCode>IND</CountryCode>
          <CountryName>INDIA</CountryName>
          <Rating>1</Rating>
        </EventRating>
      </Event>
      <Event id="1143116">
        <IdentificationName>Akash Shironaam</IdentificationName>
        <StartDateTime>2012-10-24T02:00:00</StartDateTime>
        <EndDateTime>2012-10-24T02:01:00</EndDateTime>
        <ShortEventDescription>
          <LanguageCode>eng</LanguageCode>
          <LanguageName>English</LanguageName>
          <EventName>Akash Shironaam</EventName>
          <EventDescription>Magazine program.</EventDescription>
        </ShortEventDescription>
        <EventRating>
          <CountryCode>IND</CountryCode>
          <CountryName>INDIA</CountryName>
          <Rating>1</Rating>
        </EventRating>
      </Event>
      <Event id="1143117">
        <IdentificationName>Good Morning Akash</IdentificationName>
        <StartDateTime>2012-10-24T02:01:00</StartDateTime>
        <EndDateTime>2012-10-24T02:30:00</EndDateTime>
        <ShortEventDescription>
          <LanguageCode>eng</LanguageCode>
          <LanguageName>English</LanguageName>
          <EventName>Good Morning Akash</EventName>
          <EventDescription>A morning news show that keeps the viewers updated with all the global as well as local events that made headlines.</EventDescription>
        </ShortEventDescription>
        <EventRating>
          <CountryCode>IND</CountryCode>
          <CountryName>INDIA</CountryName>
          <Rating>1</Rating>
        </EventRating>
      </Event>
      <Event id="1143118">
        <IdentificationName>Akash Shironaam</IdentificationName>
        <StartDateTime>2012-10-24T02:30:00</StartDateTime>
        <EndDateTime>2012-10-24T02:31:00</EndDateTime>
        <ShortEventDescription>
          <LanguageCode>eng</LanguageCode>
          <LanguageName>English</LanguageName>
          <EventName>Akash Shironaam</EventName>
          <EventDescription>Magazine program.</EventDescription>
        </ShortEventDescription>
        <EventRating>
          <CountryCode>IND</CountryCode>
          <CountryName>INDIA</CountryName>
          <Rating>1</Rating>
        </EventRating>
      </Event>
      <Event id="1143119">
        <IdentificationName>Good Morning Akash</IdentificationName>
        <StartDateTime>2012-10-24T02:31:00</StartDateTime>
        <EndDateTime>2012-10-24T03:00:00</EndDateTime>
        <ShortEventDescription>
          <LanguageCode>eng</LanguageCode>
          <LanguageName>English</LanguageName>
          <EventName>Good Morning Akash</EventName>
          <EventDescription>A morning news show that keeps the viewers updated with all the global as well as local events that made headlines.</EventDescription>
        </ShortEventDescription>
        <EventRating>
          <CountryCode>IND</CountryCode>
          <CountryName>INDIA</CountryName>
          <Rating>1</Rating>
        </EventRating>
      </Event>
      <Event id="1143120">
        <IdentificationName>Akash Shironaam</IdentificationName>
        <StartDateTime>2012-10-24T03:00:00</StartDateTime>
        <EndDateTime>2012-10-24T03:01:00</EndDateTime>
        <ShortEventDescription>
          <LanguageCode>eng</LanguageCode>
          <LanguageName>English</LanguageName>
          <EventName>Akash Shironaam</EventName>
          <EventDescription>Magazine program.</EventDescription>
        </ShortEventDescription>
        <EventRating>
          <CountryCode>IND</CountryCode>
          <CountryName>INDIA</CountryName>
          <Rating>1</Rating>
        </EventRating>
      </Event>
      <Event id="1143121">
        <IdentificationName>Good Morning Akash</IdentificationName>
        <StartDateTime>2012-10-24T03:01:00</StartDateTime>
        <EndDateTime>2012-10-24T03:30:00</EndDateTime>
        <ShortEventDescription>
          <LanguageCode>eng</LanguageCode>
          <LanguageName>English</LanguageName>
          <EventName>Good Morning Akash</EventName>
          <EventDescription>A morning news show that keeps the viewers updated with all the global as well as local events that made headlines.</EventDescription>
        </ShortEventDescription>
        <EventRating>
          <CountryCode>IND</CountryCode>
          <CountryName>INDIA</CountryName>
          <Rating>1</Rating>
        </EventRating>
      </Event>
      <Event id="1143122">
        <IdentificationName>Akash Shironaam</IdentificationName>
        <StartDateTime>2012-10-24T03:30:00</StartDateTime>
        <EndDateTime>2012-10-24T03:31:00</EndDateTime>
        <ShortEventDescription>
          <LanguageCode>eng</LanguageCode>
          <LanguageName>English</LanguageName>
          <EventName>Akash Shironaam</EventName>
          <EventDescription>Magazine program.</EventDescription>
        </ShortEventDescription>
        <EventRating>
          <CountryCode>IND</CountryCode>
          <CountryName>INDIA</CountryName>
          <Rating>1</Rating>
        </EventRating>
      </Event>
      <Event id="1143123">
        <IdentificationName>Good Morning Akash</IdentificationName>
        <StartDateTime>2012-10-24T03:31:00</StartDateTime>
        <EndDateTime>2012-10-24T04:00:00</EndDateTime>
        <ShortEventDescription>
          <LanguageCode>eng</LanguageCode>
          <LanguageName>English</LanguageName>
          <EventName>Good Morning Akash</EventName>
          <EventDescription>A morning news show that keeps the viewers updated with all the global as well as local events that made headlines.</EventDescription>
        </ShortEventDescription>
        <EventRating>
          <CountryCode>IND</CountryCode>
          <CountryName>INDIA</CountryName>
          <Rating>1</Rating>
        </EventRating>
      </Event>
      <Event id="1143124">
        <IdentificationName>Akash Shironaam</IdentificationName>
        <StartDateTime>2012-10-24T04:00:00</StartDateTime>
        <EndDateTime>2012-10-24T04:01:00</EndDateTime>
        <ShortEventDescription>
          <LanguageCode>eng</LanguageCode>
          <LanguageName>English</LanguageName>
          <EventName>Akash Shironaam</EventName>
          <EventDescription>Magazine program.</EventDescription>
        </ShortEventDescription>
        <EventRating>
          <CountryCode>IND</CountryCode>
          <CountryName>INDIA</CountryName>
          <Rating>1</Rating>
        </EventRating>
      </Event>
      <Event id="1143125">
        <IdentificationName>Chalo Jai</IdentificationName>
        <StartDateTime>2012-10-24T04:01:00</StartDateTime>
        <EndDateTime>2012-10-24T04:30:00</EndDateTime>
        <ShortEventDescription>
          <LanguageCode>eng</LanguageCode>
          <LanguageName>English</LanguageName>
          <EventName>Chalo Jai</EventName>
          <EventDescription>A travel program that allows its viewers to witness the most amazing and exciting places in the world.</EventDescription>
        </ShortEventDescription>
        <EventRating>
          <CountryCode>IND</CountryCode>
          <CountryName>INDIA</CountryName>
          <Rating>1</Rating>
        </EventRating>
      </Event>
      <Event id="1143126">
        <IdentificationName>Akash Shironaam</IdentificationName>
        <StartDateTime>2012-10-24T04:30:00</StartDateTime>
        <EndDateTime>2012-10-24T04:31:00</EndDateTime>
        <ShortEventDescription>
          <LanguageCode>eng</LanguageCode>
          <LanguageName>English</LanguageName>
          <EventName>Akash Shironaam</EventName>
          <EventDescription>Magazine program.</EventDescription>
        </ShortEventDescription>
        <EventRating>
          <CountryCode>IND</CountryCode>
          <CountryName>INDIA</CountryName>
          <Rating>1</Rating>
        </EventRating>
      </Event>
      <Event id="1143127">
        <IdentificationName>Shokaler Akash Barta</IdentificationName>
        <StartDateTime>2012-10-24T04:31:00</StartDateTime>
        <EndDateTime>2012-10-24T05:00:00</EndDateTime>
        <ShortEventDescription>
          <LanguageCode>eng</LanguageCode>
          <LanguageName>English</LanguageName>
          <EventName>Shokaler Akash Barta</EventName>
          <EventDescription>Magazine Program.</EventDescription>
        </ShortEventDescription>
        <EventRating>
          <CountryCode>IND</CountryCode>
          <CountryName>INDIA</CountryName>
          <Rating>1</Rating>
        </EventRating>
      </Event>
      <Event id="1143128">
        <IdentificationName>Akash Shironaam</IdentificationName>
        <StartDateTime>2012-10-24T05:00:00</StartDateTime>
        <EndDateTime>2012-10-24T05:01:00</EndDateTime>
        <ShortEventDescription>
          <LanguageCode>eng</LanguageCode>
          <LanguageName>English</LanguageName>
          <EventName>Akash Shironaam</EventName>
          <EventDescription>Magazine program.</EventDescription>
        </ShortEventDescription>
        <EventRating>
          <CountryCode>IND</CountryCode>
          <CountryName>INDIA</CountryName>
          <Rating>1</Rating>
        </EventRating>
      </Event>
      <Event id="1143129">
        <IdentificationName>Pujor Sera Sundari 2012</IdentificationName>
        <StartDateTime>2012-10-24T05:01:00</StartDateTime>
        <EndDateTime>2012-10-24T05:30:00</EndDateTime>
        <ShortEventDescription>
          <LanguageCode>eng</LanguageCode>
          <LanguageName>English</LanguageName>
          <EventName>Pujor Sera Sundari 2012</EventName>
          <EventDescription>This program features a beauty contest that is held at a number of pooja pandals in search of the most beautiful female devotee.</EventDescription>
        </ShortEventDescription>
        <EventRating>
          <CountryCode>IND</CountryCode>
          <CountryName>INDIA</CountryName>
          <Rating>1</Rating>
        </EventRating>
      </Event>
      <Event id="1143130">
        <IdentificationName>Akash Shironaam</IdentificationName>
        <StartDateTime>2012-10-24T05:30:00</StartDateTime>
        <EndDateTime>2012-10-24T05:31:00</EndDateTime>
        <ShortEventDescription>
          <LanguageCode>eng</LanguageCode>
          <LanguageName>English</LanguageName>
          <EventName>Akash Shironaam</EventName>
          <EventDescription>Magazine program.</EventDescription>
        </ShortEventDescription>
        <EventRating>
          <CountryCode>IND</CountryCode>
          <CountryName>INDIA</CountryName>
          <Rating>1</Rating>
        </EventRating>
      </Event>
      <Event id="1143131">
        <IdentificationName>Shokaler Akash Barta</IdentificationName>
        <StartDateTime>2012-10-24T05:31:00</StartDateTime>
        <EndDateTime>2012-10-24T05:55:00</EndDateTime>
        <ShortEventDescription>
          <LanguageCode>eng</LanguageCode>
          <LanguageName>English</LanguageName>
          <EventName>Shokaler Akash Barta</EventName>
          <EventDescription>Magazine Program.</EventDescription>
        </ShortEventDescription>
        <EventRating>
          <CountryCode>IND</CountryCode>
          <CountryName>INDIA</CountryName>
          <Rating>1</Rating>
        </EventRating>
      </Event>
      <Event id="1143132">
        <IdentificationName>Down Memory Lane</IdentificationName>
        <StartDateTime>2012-10-24T05:55:00</StartDateTime>
        <EndDateTime>2012-10-24T06:00:00</EndDateTime>
        <ShortEventDescription>
          <LanguageCode>eng</LanguageCode>
          <LanguageName>English</LanguageName>
          <EventName>Down Memory Lane</EventName>
          <EventDescription>This program features significant moments or events that took place during the day for example birthdays or death ceremonies of famous personalities.</EventDescription>
        </ShortEventDescription>
        <EventRating>
          <CountryCode>IND</CountryCode>
          <CountryName>INDIA</CountryName>
          <Rating>1</Rating>
        </EventRating>
      </Event>
      <Event id="1143133">
        <IdentificationName>Akash Shironaam</IdentificationName>
        <StartDateTime>2012-10-24T06:00:00</StartDateTime>
        <EndDateTime>2012-10-24T06:01:00</EndDateTime>
        <ShortEventDescription>
          <LanguageCode>eng</LanguageCode>
          <LanguageName>English</LanguageName>
          <EventName>Akash Shironaam</EventName>
          <EventDescription>Magazine program.</EventDescription>
        </ShortEventDescription>
        <EventRating>
          <CountryCode>IND</CountryCode>
          <CountryName>INDIA</CountryName>
          <Rating>1</Rating>
        </EventRating>
      </Event>
      <Event id="1143134">
        <IdentificationName>Life Style Metro</IdentificationName>
        <StartDateTime>2012-10-24T06:01:00</StartDateTime>
        <EndDateTime>2012-10-24T06:30:00</EndDateTime>
        <ShortEventDescription>
          <LanguageCode>eng</LanguageCode>
          <LanguageName>English</LanguageName>
          <EventName>Life Style Metro</EventName>
          <EventDescription>An entertainment-based program covering the daily necessities of modern day life.</EventDescription>
        </ShortEventDescription>
        <EventRating>
          <CountryCode>IND</CountryCode>
          <CountryName>INDIA</CountryName>
          <Rating>1</Rating>
        </EventRating>
      </Event>
      <Event id="1143135">
        <IdentificationName>Akash Shironaam</IdentificationName>
        <StartDateTime>2012-10-24T06:30:00</StartDateTime>
        <EndDateTime>2012-10-24T06:31:00</EndDateTime>
        <ShortEventDescription>
          <LanguageCode>eng</LanguageCode>
          <LanguageName>English</LanguageName>
          <EventName>Akash Shironaam</EventName>
          <EventDescription>Magazine program.</EventDescription>
        </ShortEventDescription>
        <EventRating>
          <CountryCode>IND</CountryCode>
          <CountryName>INDIA</CountryName>
          <Rating>1</Rating>
        </EventRating>
      </Event>
      <Event id="1143136">
        <IdentificationName>Mid Day News</IdentificationName>
        <StartDateTime>2012-10-24T06:31:00</StartDateTime>
        <EndDateTime>2012-10-24T06:55:00</EndDateTime>
        <ShortEventDescription>
          <LanguageCode>eng</LanguageCode>
          <LanguageName>English</LanguageName>
          <EventName>Mid Day News</EventName>
          <EventDescription>The most recent news, updates and developments.</EventDescription>
        </ShortEventDescription>
        <EventRating>
          <CountryCode>IND</CountryCode>
          <CountryName>INDIA</CountryName>
          <Rating>1</Rating>
        </EventRating>
      </Event>
      <Event id="1143137">
        <IdentificationName>Down Memory Lane</IdentificationName>
        <StartDateTime>2012-10-24T06:55:00</StartDateTime>
        <EndDateTime>2012-10-24T07:00:00</EndDateTime>
        <ShortEventDescription>
          <LanguageCode>eng</LanguageCode>
          <LanguageName>English</LanguageName>
          <EventName>Down Memory Lane</EventName>
          <EventDescription>This program features significant moments or events that took place during the day for example birthdays or death ceremonies of famous personalities.</EventDescription>
        </ShortEventDescription>
        <EventRating>
          <CountryCode>IND</CountryCode>
          <CountryName>INDIA</CountryName>
          <Rating>1</Rating>
        </EventRating>
      </Event>
      <Event id="1143138">
        <IdentificationName>Akash Shironaam</IdentificationName>
        <StartDateTime>2012-10-24T07:00:00</StartDateTime>
        <EndDateTime>2012-10-24T07:01:00</EndDateTime>
        <ShortEventDescription>
          <LanguageCode>eng</LanguageCode>
          <LanguageName>English</LanguageName>
          <EventName>Akash Shironaam</EventName>
          <EventDescription>Magazine program.</EventDescription>
        </ShortEventDescription>
        <EventRating>
          <CountryCode>IND</CountryCode>
          <CountryName>INDIA</CountryName>
          <Rating>1</Rating>
        </EventRating>
      </Event>
      <Event id="1143139">
        <IdentificationName>Laughing Club</IdentificationName>
        <StartDateTime>2012-10-24T07:01:00</StartDateTime>
        <EndDateTime>2012-10-24T07:30:00</EndDateTime>
        <ShortEventDescription>
          <LanguageCode>eng</LanguageCode>
          <LanguageName>English</LanguageName>
          <EventName>Laughing Club</EventName>
          <EventDescription>A comedy program showcasing social issues and current issues in a humorous manner. Shri. Biswanath Basu, a renowned comedian actor also features in this show.</EventDescription>
        </ShortEventDescription>
        <EventRating>
          <CountryCode>IND</CountryCode>
          <CountryName>INDIA</CountryName>
          <Rating>1</Rating>
        </EventRating>
      </Event>
      <Event id="1143140">
        <IdentificationName>Akash Shironaam</IdentificationName>
        <StartDateTime>2012-10-24T07:30:00</StartDateTime>
        <EndDateTime>2012-10-24T07:31:00</EndDateTime>
        <ShortEventDescription>
          <LanguageCode>eng</LanguageCode>
          <LanguageName>English</LanguageName>
          <EventName>Akash Shironaam</EventName>
          <EventDescription>Magazine program.</EventDescription>
        </ShortEventDescription>
        <EventRating>
          <CountryCode>IND</CountryCode>
          <CountryName>INDIA</CountryName>
          <Rating>1</Rating>
        </EventRating>
      </Event>
      <Event id="1143141">
        <IdentificationName>Mid Day News</IdentificationName>
        <StartDateTime>2012-10-24T07:31:00</StartDateTime>
        <EndDateTime>2012-10-24T07:54:00</EndDateTime>
        <ShortEventDescription>
          <LanguageCode>eng</LanguageCode>
          <LanguageName>English</LanguageName>
          <EventName>Mid Day News</EventName>
          <EventDescription>The most recent news, updates and developments.</EventDescription>
        </ShortEventDescription>
        <EventRating>
          <CountryCode>IND</CountryCode>
          <CountryName>INDIA</CountryName>
          <Rating>1</Rating>
        </EventRating>
      </Event>
      <Event id="1143142">
        <IdentificationName>Laughing Club</IdentificationName>
        <StartDateTime>2012-10-24T07:54:00</StartDateTime>
        <EndDateTime>2012-10-24T08:00:00</EndDateTime>
        <ShortEventDescription>
          <LanguageCode>eng</LanguageCode>
          <LanguageName>English</LanguageName>
          <EventName>Laughing Club</EventName>
          <EventDescription>A comedy program showcasing social issues and current issues in a humorous manner. Shri. Biswanath Basu, a renowned comedian actor also features in this show.</EventDescription>
        </ShortEventDescription>
        <EventRating>
          <CountryCode>IND</CountryCode>
          <CountryName>INDIA</CountryName>
          <Rating>1</Rating>
        </EventRating>
      </Event>
      <Event id="1143143">
        <IdentificationName>Akash Shironaam</IdentificationName>
        <StartDateTime>2012-10-24T08:00:00</StartDateTime>
        <EndDateTime>2012-10-24T08:01:00</EndDateTime>
        <ShortEventDescription>
          <LanguageCode>eng</LanguageCode>
          <LanguageName>English</LanguageName>
          <EventName>Akash Shironaam</EventName>
          <EventDescription>Magazine program.</EventDescription>
        </ShortEventDescription>
        <EventRating>
          <CountryCode>IND</CountryCode>
          <CountryName>INDIA</CountryName>
          <Rating>1</Rating>
        </EventRating>
      </Event>
      <Event id="1143144">
        <IdentificationName>Radhuni</IdentificationName>
        <StartDateTime>2012-10-24T08:01:00</StartDateTime>
        <EndDateTime>2012-10-24T08:30:00</EndDateTime>
        <ShortEventDescription>
          <LanguageCode>eng</LanguageCode>
          <LanguageName>English</LanguageName>
          <EventName>Radhuni</EventName>
          <EventDescription>A cookery show where people come in from different walks of life and prepare various delicacies. A perfect treat and a good learning experience for the viewers palate.</EventDescription>
        </ShortEventDescription>
        <EventRating>
          <CountryCode>IND</CountryCode>
          <CountryName>INDIA</CountryName>
          <Rating>1</Rating>
        </EventRating>
      </Event>
      <Event id="1143145">
        <IdentificationName>Akash Shironaam</IdentificationName>
        <StartDateTime>2012-10-24T08:30:00</StartDateTime>
        <EndDateTime>2012-10-24T08:31:00</EndDateTime>
        <ShortEventDescription>
          <LanguageCode>eng</LanguageCode>
          <LanguageName>English</LanguageName>
          <EventName>Akash Shironaam</EventName>
          <EventDescription>Magazine program.</EventDescription>
        </ShortEventDescription>
        <EventRating>
          <CountryCode>IND</CountryCode>
          <CountryName>INDIA</CountryName>
          <Rating>1</Rating>
        </EventRating>
      </Event>
      <Event id="1143146">
        <IdentificationName>Mid Day News</IdentificationName>
        <StartDateTime>2012-10-24T08:31:00</StartDateTime>
        <EndDateTime>2012-10-24T09:00:00</EndDateTime>
        <ShortEventDescription>
          <LanguageCode>eng</LanguageCode>
          <LanguageName>English</LanguageName>
          <EventName>Mid Day News</EventName>
          <EventDescription>The most recent news, updates and developments.</EventDescription>
        </ShortEventDescription>
        <EventRating>
          <CountryCode>IND</CountryCode>
          <CountryName>INDIA</CountryName>
          <Rating>1</Rating>
        </EventRating>
      </Event>
      <Event id="1143147">
        <IdentificationName>Akash Shironaam</IdentificationName>
        <StartDateTime>2012-10-24T09:00:00</StartDateTime>
        <EndDateTime>2012-10-24T09:01:00</EndDateTime>
        <ShortEventDescription>
          <LanguageCode>eng</LanguageCode>
          <LanguageName>English</LanguageName>
          <EventName>Akash Shironaam</EventName>
          <EventDescription>Magazine program.</EventDescription>
        </ShortEventDescription>
        <EventRating>
          <CountryCode>IND</CountryCode>
          <CountryName>INDIA</CountryName>
          <Rating>1</Rating>
        </EventRating>
      </Event>
      <Event id="1143148">
        <IdentificationName>Gopal Bharn</IdentificationName>
        <StartDateTime>2012-10-24T09:01:00</StartDateTime>
        <EndDateTime>2012-10-24T09:30:00</EndDateTime>
        <ShortEventDescription>
          <LanguageCode>eng</LanguageCode>
          <LanguageName>English</LanguageName>
          <EventName>Gopal Bharn</EventName>
          <EventDescription>An animation show featuring Gopal Bharn, a renowned character in Bengali literature that preaches social messages in a humorous manner.</EventDescription>
        </ShortEventDescription>
        <EventRating>
          <CountryCode>IND</CountryCode>
          <CountryName>INDIA</CountryName>
          <Rating>1</Rating>
        </EventRating>
      </Event>
      <Event id="1143149">
        <IdentificationName>Akash Shironaam</IdentificationName>
        <StartDateTime>2012-10-24T09:30:00</StartDateTime>
        <EndDateTime>2012-10-24T09:31:00</EndDateTime>
        <ShortEventDescription>
          <LanguageCode>eng</LanguageCode>
          <LanguageName>English</LanguageName>
          <EventName>Akash Shironaam</EventName>
          <EventDescription>Magazine program.</EventDescription>
        </ShortEventDescription>
        <EventRating>
          <CountryCode>IND</CountryCode>
          <CountryName>INDIA</CountryName>
          <Rating>1</Rating>
        </EventRating>
      </Event>
      <Event id="1143150">
        <IdentificationName>News Patrol</IdentificationName>
        <StartDateTime>2012-10-24T09:31:00</StartDateTime>
        <EndDateTime>2012-10-24T09:55:00</EndDateTime>
        <ShortEventDescription>
          <LanguageCode>eng</LanguageCode>
          <LanguageName>English</LanguageName>
          <EventName>News Patrol</EventName>
          <EventDescription>The most recent news, updates and developments.</EventDescription>
        </ShortEventDescription>
        <EventRating>
          <CountryCode>IND</CountryCode>
          <CountryName>INDIA</CountryName>
          <Rating>1</Rating>
        </EventRating>
      </Event>
      <Event id="1143151">
        <IdentificationName>Down Memory Lane</IdentificationName>
        <StartDateTime>2012-10-24T09:55:00</StartDateTime>
        <EndDateTime>2012-10-24T10:00:00</EndDateTime>
        <ShortEventDescription>
          <LanguageCode>eng</LanguageCode>
          <LanguageName>English</LanguageName>
          <EventName>Down Memory Lane</EventName>
          <EventDescription>This program features significant moments or events that took place during the day for example birthdays or death ceremonies of famous personalities.</EventDescription>
        </ShortEventDescription>
        <EventRating>
          <CountryCode>IND</CountryCode>
          <CountryName>INDIA</CountryName>
          <Rating>1</Rating>
        </EventRating>
      </Event>
      <Event id="1143152">
        <IdentificationName>Akash Shironaam</IdentificationName>
        <StartDateTime>2012-10-24T10:00:00</StartDateTime>
        <EndDateTime>2012-10-24T10:01:00</EndDateTime>
        <ShortEventDescription>
          <LanguageCode>eng</LanguageCode>
          <LanguageName>English</LanguageName>
          <EventName>Akash Shironaam</EventName>
          <EventDescription>Magazine program.</EventDescription>
        </ShortEventDescription>
        <EventRating>
          <CountryCode>IND</CountryCode>
          <CountryName>INDIA</CountryName>
          <Rating>1</Rating>
        </EventRating>
      </Event>
      <Event id="1143153">
        <IdentificationName>Dhaker Ladai</IdentificationName>
        <StartDateTime>2012-10-24T10:01:00</StartDateTime>
        <EndDateTime>2012-10-24T10:24:00</EndDateTime>
        <ShortEventDescription>
          <LanguageCode>eng</LanguageCode>
          <LanguageName>English</LanguageName>
          <EventName>Dhaker Ladai</EventName>
          <EventDescription>A program that celebrates the occasion of Durga Puja.</EventDescription>
        </ShortEventDescription>
        <EventRating>
          <CountryCode>IND</CountryCode>
          <CountryName>INDIA</CountryName>
          <Rating>1</Rating>
        </EventRating>
      </Event>
      <Event id="1143154">
        <IdentificationName>Laughing Club</IdentificationName>
        <StartDateTime>2012-10-24T10:24:00</StartDateTime>
        <EndDateTime>2012-10-24T10:30:00</EndDateTime>
        <ShortEventDescription>
          <LanguageCode>eng</LanguageCode>
          <LanguageName>English</LanguageName>
          <EventName>Laughing Club</EventName>
          <EventDescription>A comedy program showcasing social issues and current issues in a humorous manner. Shri. Biswanath Basu, a renowned comedian actor also features in this show.</EventDescription>
        </ShortEventDescription>
        <EventRating>
          <CountryCode>IND</CountryCode>
          <CountryName>INDIA</CountryName>
          <Rating>1</Rating>
        </EventRating>
      </Event>
      <Event id="1143155">
        <IdentificationName>Akash Shironaam</IdentificationName>
        <StartDateTime>2012-10-24T10:30:00</StartDateTime>
        <EndDateTime>2012-10-24T10:31:00</EndDateTime>
        <ShortEventDescription>
          <LanguageCode>eng</LanguageCode>
          <LanguageName>English</LanguageName>
          <EventName>Akash Shironaam</EventName>
          <EventDescription>Magazine program.</EventDescription>
        </ShortEventDescription>
        <EventRating>
          <CountryCode>IND</CountryCode>
          <CountryName>INDIA</CountryName>
          <Rating>1</Rating>
        </EventRating>
      </Event>
      <Event id="1143156">
        <IdentificationName>Bikeler Akash Barta</IdentificationName>
        <StartDateTime>2012-10-24T10:31:00</StartDateTime>
        <EndDateTime>2012-10-24T11:00:00</EndDateTime>
        <ShortEventDescription>
          <LanguageCode>eng</LanguageCode>
          <LanguageName>English</LanguageName>
          <EventName>Bikeler Akash Barta</EventName>
          <EventDescription>Magazine Program.</EventDescription>
        </ShortEventDescription>
        <EventRating>
          <CountryCode>IND</CountryCode>
          <CountryName>INDIA</CountryName>
          <Rating>1</Rating>
        </EventRating>
      </Event>
      <Event id="1143157">
        <IdentificationName>Akash Shironaam</IdentificationName>
        <StartDateTime>2012-10-24T11:00:00</StartDateTime>
        <EndDateTime>2012-10-24T11:01:00</EndDateTime>
        <ShortEventDescription>
          <LanguageCode>eng</LanguageCode>
          <LanguageName>English</LanguageName>
          <EventName>Akash Shironaam</EventName>
          <EventDescription>Magazine program.</EventDescription>
        </ShortEventDescription>
        <EventRating>
          <CountryCode>IND</CountryCode>
          <CountryName>INDIA</CountryName>
          <Rating>1</Rating>
        </EventRating>
      </Event>
      <Event id="1143158">
        <IdentificationName>Down Memory Lane</IdentificationName>
        <StartDateTime>2012-10-24T11:01:00</StartDateTime>
        <EndDateTime>2012-10-24T11:10:00</EndDateTime>
        <ShortEventDescription>
          <LanguageCode>eng</LanguageCode>
          <LanguageName>English</LanguageName>
          <EventName>Down Memory Lane</EventName>
          <EventDescription>This program features significant moments or events that took place during the day for example birthdays or death ceremonies of famous personalities.</EventDescription>
        </ShortEventDescription>
        <EventRating>
          <CountryCode>IND</CountryCode>
          <CountryName>INDIA</CountryName>
          <Rating>1</Rating>
        </EventRating>
      </Event>
      <Event id="1143159">
        <IdentificationName>Laughing Club</IdentificationName>
        <StartDateTime>2012-10-24T11:10:00</StartDateTime>
        <EndDateTime>2012-10-24T11:20:00</EndDateTime>
        <ShortEventDescription>
          <LanguageCode>eng</LanguageCode>
          <LanguageName>English</LanguageName>
          <EventName>Laughing Club</EventName>
          <EventDescription>A comedy program showcasing social issues and current issues in a humorous manner. Shri. Biswanath Basu, a renowned comedian actor also features in this show.</EventDescription>
        </ShortEventDescription>
        <EventRating>
          <CountryCode>IND</CountryCode>
          <CountryName>INDIA</CountryName>
          <Rating>1</Rating>
        </EventRating>
      </Event>
      <Event id="1143160">
        <IdentificationName>Ulta Palta</IdentificationName>
        <StartDateTime>2012-10-24T11:20:00</StartDateTime>
        <EndDateTime>2012-10-24T11:30:00</EndDateTime>
        <ShortEventDescription>
          <LanguageCode>eng</LanguageCode>
          <LanguageName>English</LanguageName>
          <EventName>Ulta Palta</EventName>
          <EventDescription>The show anchored by an eminent artist talks about the events of the day, assembled with mimicry and comedy.</EventDescription>
        </ShortEventDescription>
        <EventRating>
          <CountryCode>IND</CountryCode>
          <CountryName>INDIA</CountryName>
          <Rating>1</Rating>
        </EventRating>
      </Event>
      <Event id="1143161">
        <IdentificationName>Akash Shironaam</IdentificationName>
        <StartDateTime>2012-10-24T11:30:00</StartDateTime>
        <EndDateTime>2012-10-24T11:31:00</EndDateTime>
        <ShortEventDescription>
          <LanguageCode>eng</LanguageCode>
          <LanguageName>English</LanguageName>
          <EventName>Akash Shironaam</EventName>
          <EventDescription>Magazine program.</EventDescription>
        </ShortEventDescription>
        <EventRating>
          <CountryCode>IND</CountryCode>
          <CountryName>INDIA</CountryName>
          <Rating>1</Rating>
        </EventRating>
      </Event>
      <Event id="1143162">
        <IdentificationName>Gopal Bharn</IdentificationName>
        <StartDateTime>2012-10-24T11:31:00</StartDateTime>
        <EndDateTime>2012-10-24T12:00:00</EndDateTime>
        <ShortEventDescription>
          <LanguageCode>eng</LanguageCode>
          <LanguageName>English</LanguageName>
          <EventName>Gopal Bharn</EventName>
          <EventDescription>An animation show featuring Gopal Bharn, a renowned character in Bengali literature that preaches social messages in a humorous manner.</EventDescription>
        </ShortEventDescription>
        <EventRating>
          <CountryCode>IND</CountryCode>
          <CountryName>INDIA</CountryName>
          <Rating>1</Rating>
        </EventRating>
      </Event>
      <Event id="1143163">
        <IdentificationName>Akash Shironaam</IdentificationName>
        <StartDateTime>2012-10-24T12:00:00</StartDateTime>
        <EndDateTime>2012-10-24T12:01:00</EndDateTime>
        <ShortEventDescription>
          <LanguageCode>eng</LanguageCode>
          <LanguageName>English</LanguageName>
          <EventName>Akash Shironaam</EventName>
          <EventDescription>Magazine program.</EventDescription>
        </ShortEventDescription>
        <EventRating>
          <CountryCode>IND</CountryCode>
          <CountryName>INDIA</CountryName>
          <Rating>1</Rating>
        </EventRating>
      </Event>
      <Event id="1143164">
        <IdentificationName>Bhalo Theko Live</IdentificationName>
        <StartDateTime>2012-10-24T12:01:00</StartDateTime>
        <EndDateTime>2012-10-24T12:25:00</EndDateTime>
        <ShortEventDescription>
          <LanguageCode>eng</LanguageCode>
          <LanguageName>English</LanguageName>
          <EventName>Bhalo Theko Live</EventName>
          <EventDescription>A health based program where various kinds of illnesses are diagnosed with the help of experts and doctors.</EventDescription>
        </ShortEventDescription>
        <EventRating>
          <CountryCode>IND</CountryCode>
          <CountryName>INDIA</CountryName>
          <Rating>1</Rating>
        </EventRating>
      </Event>
      <Event id="1143165">
        <IdentificationName>Down Memory Lane</IdentificationName>
        <StartDateTime>2012-10-24T12:25:00</StartDateTime>
        <EndDateTime>2012-10-24T12:30:00</EndDateTime>
        <ShortEventDescription>
          <LanguageCode>eng</LanguageCode>
          <LanguageName>English</LanguageName>
          <EventName>Down Memory Lane</EventName>
          <EventDescription>This program features significant moments or events that took place during the day for example birthdays or death ceremonies of famous personalities.</EventDescription>
        </ShortEventDescription>
        <EventRating>
          <CountryCode>IND</CountryCode>
          <CountryName>INDIA</CountryName>
          <Rating>1</Rating>
        </EventRating>
      </Event>
      <Event id="1143166">
        <IdentificationName>Akash Shironaam</IdentificationName>
        <StartDateTime>2012-10-24T12:30:00</StartDateTime>
        <EndDateTime>2012-10-24T12:31:00</EndDateTime>
        <ShortEventDescription>
          <LanguageCode>eng</LanguageCode>
          <LanguageName>English</LanguageName>
          <EventName>Akash Shironaam</EventName>
          <EventDescription>Magazine program.</EventDescription>
        </ShortEventDescription>
        <EventRating>
          <CountryCode>IND</CountryCode>
          <CountryName>INDIA</CountryName>
          <Rating>1</Rating>
        </EventRating>
      </Event>
      <Event id="1143167">
        <IdentificationName>Khoborer Akash Live</IdentificationName>
        <StartDateTime>2012-10-24T12:31:00</StartDateTime>
        <EndDateTime>2012-10-24T13:00:00</EndDateTime>
        <ShortEventDescription>
          <LanguageCode>eng</LanguageCode>
          <LanguageName>English</LanguageName>
          <EventName>Khoborer Akash Live</EventName>
          <EventDescription>Live news program featuring recent updates.</EventDescription>
        </ShortEventDescription>
        <EventRating>
          <CountryCode>IND</CountryCode>
          <CountryName>INDIA</CountryName>
          <Rating>1</Rating>
        </EventRating>
      </Event>
      <Event id="1143168">
        <IdentificationName>Akash Shironaam</IdentificationName>
        <StartDateTime>2012-10-24T13:00:00</StartDateTime>
        <EndDateTime>2012-10-24T13:01:00</EndDateTime>
        <ShortEventDescription>
          <LanguageCode>eng</LanguageCode>
          <LanguageName>English</LanguageName>
          <EventName>Akash Shironaam</EventName>
          <EventDescription>Magazine program.</EventDescription>
        </ShortEventDescription>
        <EventRating>
          <CountryCode>IND</CountryCode>
          <CountryName>INDIA</CountryName>
          <Rating>1</Rating>
        </EventRating>
      </Event>
      <Event id="1143169">
        <IdentificationName>Radhuni</IdentificationName>
        <StartDateTime>2012-10-24T13:01:00</StartDateTime>
        <EndDateTime>2012-10-24T13:30:00</EndDateTime>
        <ShortEventDescription>
          <LanguageCode>eng</LanguageCode>
          <LanguageName>English</LanguageName>
          <EventName>Radhuni</EventName>
          <EventDescription>A cookery show where people come in from different walks of life and prepare various delicacies. A perfect treat and a good learning experience for the viewers palate.</EventDescription>
        </ShortEventDescription>
        <EventRating>
          <CountryCode>IND</CountryCode>
          <CountryName>INDIA</CountryName>
          <Rating>1</Rating>
        </EventRating>
      </Event>
      <Event id="1143170">
        <IdentificationName>Akash Shironaam</IdentificationName>
        <StartDateTime>2012-10-24T13:30:00</StartDateTime>
        <EndDateTime>2012-10-24T13:31:00</EndDateTime>
        <ShortEventDescription>
          <LanguageCode>eng</LanguageCode>
          <LanguageName>English</LanguageName>
          <EventName>Akash Shironaam</EventName>
          <EventDescription>Magazine program.</EventDescription>
        </ShortEventDescription>
        <EventRating>
          <CountryCode>IND</CountryCode>
          <CountryName>INDIA</CountryName>
          <Rating>1</Rating>
        </EventRating>
      </Event>
      <Event id="1143171">
        <IdentificationName>Khoborer Akash Live</IdentificationName>
        <StartDateTime>2012-10-24T13:31:00</StartDateTime>
        <EndDateTime>2012-10-24T14:00:00</EndDateTime>
        <ShortEventDescription>
          <LanguageCode>eng</LanguageCode>
          <LanguageName>English</LanguageName>
          <EventName>Khoborer Akash Live</EventName>
          <EventDescription>Live news program featuring recent updates.</EventDescription>
        </ShortEventDescription>
        <EventRating>
          <CountryCode>IND</CountryCode>
          <CountryName>INDIA</CountryName>
          <Rating>1</Rating>
        </EventRating>
      </Event>
      <Event id="1143172">
        <IdentificationName>Akash Shironaam</IdentificationName>
        <StartDateTime>2012-10-24T14:00:00</StartDateTime>
        <EndDateTime>2012-10-24T14:01:00</EndDateTime>
        <ShortEventDescription>
          <LanguageCode>eng</LanguageCode>
          <LanguageName>English</LanguageName>
          <EventName>Akash Shironaam</EventName>
          <EventDescription>Magazine program.</EventDescription>
        </ShortEventDescription>
        <EventRating>
          <CountryCode>IND</CountryCode>
          <CountryName>INDIA</CountryName>
          <Rating>1</Rating>
        </EventRating>
      </Event>
      <Event id="1143173">
        <IdentificationName>Khoborer Akash Live</IdentificationName>
        <StartDateTime>2012-10-24T14:01:00</StartDateTime>
        <EndDateTime>2012-10-24T14:24:00</EndDateTime>
        <ShortEventDescription>
          <LanguageCode>eng</LanguageCode>
          <LanguageName>English</LanguageName>
          <EventName>Khoborer Akash Live</EventName>
          <EventDescription>Live news program featuring recent updates.</EventDescription>
        </ShortEventDescription>
        <EventRating>
          <CountryCode>IND</CountryCode>
          <CountryName>INDIA</CountryName>
          <Rating>1</Rating>
        </EventRating>
      </Event>
      <Event id="1143174">
        <IdentificationName>Laughing Club</IdentificationName>
        <StartDateTime>2012-10-24T14:24:00</StartDateTime>
        <EndDateTime>2012-10-24T14:30:00</EndDateTime>
        <ShortEventDescription>
          <LanguageCode>eng</LanguageCode>
          <LanguageName>English</LanguageName>
          <EventName>Laughing Club</EventName>
          <EventDescription>A comedy program showcasing social issues and current issues in a humorous manner. Shri. Biswanath Basu, a renowned comedian actor also features in this show.</EventDescription>
        </ShortEventDescription>
        <EventRating>
          <CountryCode>IND</CountryCode>
          <CountryName>INDIA</CountryName>
          <Rating>1</Rating>
        </EventRating>
      </Event>
      <Event id="1143175">
        <IdentificationName>Akash Shironaam</IdentificationName>
        <StartDateTime>2012-10-24T14:30:00</StartDateTime>
        <EndDateTime>2012-10-24T14:31:00</EndDateTime>
        <ShortEventDescription>
          <LanguageCode>eng</LanguageCode>
          <LanguageName>English</LanguageName>
          <EventName>Akash Shironaam</EventName>
          <EventDescription>Magazine program.</EventDescription>
        </ShortEventDescription>
        <EventRating>
          <CountryCode>IND</CountryCode>
          <CountryName>INDIA</CountryName>
          <Rating>1</Rating>
        </EventRating>
      </Event>
      <Event id="1143176">
        <IdentificationName>Jelar Sera Pujo 2012</IdentificationName>
        <StartDateTime>2012-10-24T14:31:00</StartDateTime>
        <EndDateTime>2012-10-24T15:00:00</EndDateTime>
        <ShortEventDescription>
          <LanguageCode>eng</LanguageCode>
          <LanguageName>English</LanguageName>
          <EventName>Jelar Sera Pujo 2012</EventName>
          <EventDescription>Magazine program.</EventDescription>
        </ShortEventDescription>
        <EventRating>
          <CountryCode>IND</CountryCode>
          <CountryName>INDIA</CountryName>
          <Rating>1</Rating>
        </EventRating>
      </Event>
      <Event id="1143177">
        <IdentificationName>Akash Shironaam</IdentificationName>
        <StartDateTime>2012-10-24T15:00:00</StartDateTime>
        <EndDateTime>2012-10-24T15:01:00</EndDateTime>
        <ShortEventDescription>
          <LanguageCode>eng</LanguageCode>
          <LanguageName>English</LanguageName>
          <EventName>Akash Shironaam</EventName>
          <EventDescription>Magazine program.</EventDescription>
        </ShortEventDescription>
        <EventRating>
          <CountryCode>IND</CountryCode>
          <CountryName>INDIA</CountryName>
          <Rating>1</Rating>
        </EventRating>
      </Event>
      <Event id="1143178">
        <IdentificationName>Pujor Sera Sundari 2012</IdentificationName>
        <StartDateTime>2012-10-24T15:01:00</StartDateTime>
        <EndDateTime>2012-10-24T15:30:00</EndDateTime>
        <ShortEventDescription>
          <LanguageCode>eng</LanguageCode>
          <LanguageName>English</LanguageName>
          <EventName>Pujor Sera Sundari 2012</EventName>
          <EventDescription>This program features a beauty contest that is held at a number of pooja pandals in search of the most beautiful female devotee.</EventDescription>
        </ShortEventDescription>
        <EventRating>
          <CountryCode>IND</CountryCode>
          <CountryName>INDIA</CountryName>
          <Rating>1</Rating>
        </EventRating>
      </Event>
      <Event id="1143179">
        <IdentificationName>Akash Shironaam</IdentificationName>
        <StartDateTime>2012-10-24T15:30:00</StartDateTime>
        <EndDateTime>2012-10-24T15:31:00</EndDateTime>
        <ShortEventDescription>
          <LanguageCode>eng</LanguageCode>
          <LanguageName>English</LanguageName>
          <EventName>Akash Shironaam</EventName>
          <EventDescription>Magazine program.</EventDescription>
        </ShortEventDescription>
        <EventRating>
          <CountryCode>IND</CountryCode>
          <CountryName>INDIA</CountryName>
          <Rating>1</Rating>
        </EventRating>
      </Event>
      <Event id="1143180">
        <IdentificationName>Dhaker Ladai</IdentificationName>
        <StartDateTime>2012-10-24T15:31:00</StartDateTime>
        <EndDateTime>2012-10-24T16:00:00</EndDateTime>
        <ShortEventDescription>
          <LanguageCode>eng</LanguageCode>
          <LanguageName>English</LanguageName>
          <EventName>Dhaker Ladai</EventName>
          <EventDescription>A program that celebrates the occasion of Durga Puja.</EventDescription>
        </ShortEventDescription>
        <EventRating>
          <CountryCode>IND</CountryCode>
          <CountryName>INDIA</CountryName>
          <Rating>1</Rating>
        </EventRating>
      </Event>
      <Event id="1143181">
        <IdentificationName>Akash Shironaam</IdentificationName>
        <StartDateTime>2012-10-24T16:00:00</StartDateTime>
        <EndDateTime>2012-10-24T16:01:00</EndDateTime>
        <ShortEventDescription>
          <LanguageCode>eng</LanguageCode>
          <LanguageName>English</LanguageName>
          <EventName>Akash Shironaam</EventName>
          <EventDescription>Magazine program.</EventDescription>
        </ShortEventDescription>
        <EventRating>
          <CountryCode>IND</CountryCode>
          <CountryName>INDIA</CountryName>
          <Rating>1</Rating>
        </EventRating>
      </Event>
      <Event id="1143182">
        <IdentificationName>Dhaker Ladai</IdentificationName>
        <StartDateTime>2012-10-24T16:01:00</StartDateTime>
        <EndDateTime>2012-10-24T16:24:00</EndDateTime>
        <ShortEventDescription>
          <LanguageCode>eng</LanguageCode>
          <LanguageName>English</LanguageName>
          <EventName>Dhaker Ladai</EventName>
          <EventDescription>A program that celebrates the occasion of Durga Puja.</EventDescription>
        </ShortEventDescription>
        <EventRating>
          <CountryCode>IND</CountryCode>
          <CountryName>INDIA</CountryName>
          <Rating>1</Rating>
        </EventRating>
      </Event>
      <Event id="1143183">
        <IdentificationName>Laughing Club</IdentificationName>
        <StartDateTime>2012-10-24T16:24:00</StartDateTime>
        <EndDateTime>2012-10-24T16:30:00</EndDateTime>
        <ShortEventDescription>
          <LanguageCode>eng</LanguageCode>
          <LanguageName>English</LanguageName>
          <EventName>Laughing Club</EventName>
          <EventDescription>A comedy program showcasing social issues and current issues in a humorous manner. Shri. Biswanath Basu, a renowned comedian actor also features in this show.</EventDescription>
        </ShortEventDescription>
        <EventRating>
          <CountryCode>IND</CountryCode>
          <CountryName>INDIA</CountryName>
          <Rating>1</Rating>
        </EventRating>
      </Event>
      <Event id="1143184">
        <IdentificationName>Akash Shironaam</IdentificationName>
        <StartDateTime>2012-10-24T16:30:00</StartDateTime>
        <EndDateTime>2012-10-24T16:31:00</EndDateTime>
        <ShortEventDescription>
          <LanguageCode>eng</LanguageCode>
          <LanguageName>English</LanguageName>
          <EventName>Akash Shironaam</EventName>
          <EventDescription>Magazine program.</EventDescription>
        </ShortEventDescription>
        <EventRating>
          <CountryCode>IND</CountryCode>
          <CountryName>INDIA</CountryName>
          <Rating>1</Rating>
        </EventRating>
      </Event>
      <Event id="1143185">
        <IdentificationName>Biswa Barta</IdentificationName>
        <StartDateTime>2012-10-24T16:31:00</StartDateTime>
        <EndDateTime>2012-10-24T16:45:00</EndDateTime>
        <ShortEventDescription>
          <LanguageCode>eng</LanguageCode>
          <LanguageName>English</LanguageName>
          <EventName>Biswa Barta</EventName>
          <EventDescription>All the major news items across the globe are featured on this show every day.</EventDescription>
        </ShortEventDescription>
        <EventRating>
          <CountryCode>IND</CountryCode>
          <CountryName>INDIA</CountryName>
          <Rating>1</Rating>
        </EventRating>
      </Event>
      <Event id="1143186">
        <IdentificationName>Khelar Akash Live</IdentificationName>
        <StartDateTime>2012-10-24T16:45:00</StartDateTime>
        <EndDateTime>2012-10-24T16:59:00</EndDateTime>
        <ShortEventDescription>
          <LanguageCode>eng</LanguageCode>
          <LanguageName>English</LanguageName>
          <EventName>Khelar Akash Live</EventName>
          <EventDescription>Magazine program.</EventDescription>
        </ShortEventDescription>
        <EventRating>
          <CountryCode>IND</CountryCode>
          <CountryName>INDIA</CountryName>
          <Rating>1</Rating>
        </EventRating>
      </Event>
      <Event id="1143187">
        <IdentificationName>Akash Shironaam</IdentificationName>
        <StartDateTime>2012-10-24T16:59:00</StartDateTime>
        <EndDateTime>2012-10-24T17:00:00</EndDateTime>
        <ShortEventDescription>
          <LanguageCode>eng</LanguageCode>
          <LanguageName>English</LanguageName>
          <EventName>Akash Shironaam</EventName>
          <EventDescription>Magazine program.</EventDescription>
        </ShortEventDescription>
        <EventRating>
          <CountryCode>IND</CountryCode>
          <CountryName>INDIA</CountryName>
          <Rating>1</Rating>
        </EventRating>
      </Event>
      <Event id="1143188">
        <IdentificationName>Aakaash Barta Live</IdentificationName>
        <StartDateTime>2012-10-24T17:00:00</StartDateTime>
        <EndDateTime>2012-10-24T17:30:00</EndDateTime>
        <ShortEventDescription>
          <LanguageCode>eng</LanguageCode>
          <LanguageName>English</LanguageName>
          <EventName>Aakaash Barta Live</EventName>
          <EventDescription>A 5 minutes news bulletin.</EventDescription>
        </ShortEventDescription>
        <EventRating>
          <CountryCode>IND</CountryCode>
          <CountryName>INDIA</CountryName>
          <Rating>1</Rating>
        </EventRating>
      </Event>
      <Event id="1143189">
        <IdentificationName>Akash Shironaam</IdentificationName>
        <StartDateTime>2012-10-24T17:30:00</StartDateTime>
        <EndDateTime>2012-10-24T17:31:00</EndDateTime>
        <ShortEventDescription>
          <LanguageCode>eng</LanguageCode>
          <LanguageName>English</LanguageName>
          <EventName>Akash Shironaam</EventName>
          <EventDescription>Magazine program.</EventDescription>
        </ShortEventDescription>
        <EventRating>
          <CountryCode>IND</CountryCode>
          <CountryName>INDIA</CountryName>
          <Rating>1</Rating>
        </EventRating>
      </Event>
      <Event id="1143190">
        <IdentificationName>Ulta Palta</IdentificationName>
        <StartDateTime>2012-10-24T17:31:00</StartDateTime>
        <EndDateTime>2012-10-24T17:47:00</EndDateTime>
        <ShortEventDescription>
          <LanguageCode>eng</LanguageCode>
          <LanguageName>English</LanguageName>
          <EventName>Ulta Palta</EventName>
          <EventDescription>The show anchored by an eminent artist talks about the events of the day, assembled with mimicry and comedy.</EventDescription>
        </ShortEventDescription>
        <EventRating>
          <CountryCode>IND</CountryCode>
          <CountryName>INDIA</CountryName>
          <Rating>1</Rating>
        </EventRating>
      </Event>
      <Event id="1143191">
        <IdentificationName>Laughing Club</IdentificationName>
        <StartDateTime>2012-10-24T17:47:00</StartDateTime>
        <EndDateTime>2012-10-24T17:53:00</EndDateTime>
        <ShortEventDescription>
          <LanguageCode>eng</LanguageCode>
          <LanguageName>English</LanguageName>
          <EventName>Laughing Club</EventName>
          <EventDescription>A comedy program showcasing social issues and current issues in a humorous manner. Shri. Biswanath Basu, a renowned comedian actor also features in this show.</EventDescription>
        </ShortEventDescription>
        <EventRating>
          <CountryCode>IND</CountryCode>
          <CountryName>INDIA</CountryName>
          <Rating>1</Rating>
        </EventRating>
      </Event>
      <Event id="1143192">
        <IdentificationName>Chalo Jai</IdentificationName>
        <StartDateTime>2012-10-24T17:53:00</StartDateTime>
        <EndDateTime>2012-10-24T18:30:00</EndDateTime>
        <ShortEventDescription>
          <LanguageCode>eng</LanguageCode>
          <LanguageName>English</LanguageName>
          <EventName>Chalo Jai</EventName>
          <EventDescription>A travel program that allows its viewers to witness the most amazing and exciting places in the world.</EventDescription>
        </ShortEventDescription>
        <EventRating>
          <CountryCode>IND</CountryCode>
          <CountryName>INDIA</CountryName>
          <Rating>1</Rating>
        </EventRating>
      </Event>
    </ScheduleDay>
  </Service>
</ProgramGuide>